{
  "project_info": {
    "project_number": "902774419897",
    "firebase_url": "https://meetup-6089e-default-rtdb.firebaseio.com",
    "project_id": "meetup-6089e",
    "storage_bucket": "meetup-6089e.appspot.com"
  },
  "client": [
    {
      "client_info": {
        "mobilesdk_app_id": "1:902774419897:android:10e4ec5e3df77a6b9f0668",
        "android_client_info": {
          "package_name": "com.example.socialme"
        }
      },
      "oauth_client": [
        {
          "client_id": "902774419897-7lcuqchf221i6egvf3e50vdebtlk6nak.apps.googleusercontent.com",
          "client_type": 3
        }
      ],
      "api_key": [
        {
          "current_key": "AIzaSyD7Pjl_5PgX-vCAlb8oY4JovbgAMdhjwpA"
        }
      ],
      "services": {
        "appinvite_service": {
          "other_platform_oauth_client": [
            {
              "client_id": "902774419897-7lcuqchf221i6egvf3e50vdebtlk6nak.apps.googleusercontent.com",
              "client_type": 3
            }
          ]
        }
      }
    }
  ],
  "configuration_version": "1"
}